{"cameraMode":{"drawMode":0,"name":"Shaded","section":"Shading Mode"},"sceneLighting":false,"audioPlay":false,"sceneViewState":{"m_AlwaysRefresh":false,"showFog":true,"showSkybox":false,"showFlares":true,"showImageEffects":true,"showParticleSystems":true,"showVisualEffectGraphs":true,"m_FxEnabled":true},"in2DMode":false,"pivot":{"x":-0.4209247827529907,"y":0.2181442230939865,"z":0.1650153547525406},"rotation":{"x":0.15969248116016389,"y":0.7754484415054321,"z":-0.2242339700460434,"w":0.5655928254127502},"size":0.14361406862735749,"orthographic":false}