{"cameraMode":{"drawMode":0,"name":"Shaded","section":"Shading Mode"},"sceneLighting":true,"audioPlay":false,"sceneViewState":{"m_AlwaysRefresh":false,"showFog":true,"showSkybox":false,"showFlares":true,"showImageEffects":true,"showParticleSystems":true,"showVisualEffectGraphs":true,"m_FxEnabled":true},"in2DMode":false,"pivot":{"x":1.764666199684143,"y":81.23429107666016,"z":-1.7437829971313477},"rotation":{"x":0.19488665461540223,"y":-0.46060752868652346,"z":0.10418369621038437,"w":0.8593071103096008},"size":0.8660253882408142,"orthographic":false}