{"cameraMode":{"drawMode":0,"name":"Shaded","section":"Shading Mode"},"sceneLighting":true,"audioPlay":false,"sceneViewState":{"m_AlwaysRefresh":false,"showFog":true,"showSkybox":true,"showFlares":true,"showImageEffects":true,"showParticleSystems":true,"showVisualEffectGraphs":true,"m_FxEnabled":true},"in2DMode":false,"pivot":{"x":38.65036392211914,"y":-2355.362548828125,"z":-3040.545654296875},"rotation":{"x":0.0020084017887711527,"y":0.9417051672935486,"z":-0.33556538820266726,"w":0.005957618355751038},"size":1965.444091796875,"orthographic":false}