{"cameraMode":{"drawMode":0,"name":"Shaded","section":"Shading Mode"},"sceneLighting":true,"audioPlay":false,"sceneViewState":{"m_AlwaysRefresh":false,"showFog":true,"showSkybox":true,"showFlares":true,"showImageEffects":true,"showParticleSystems":true,"showVisualEffectGraphs":true,"m_FxEnabled":true},"in2DMode":false,"pivot":{"x":132.98745727539063,"y":250.6319122314453,"z":2586.853271484375},"rotation":{"x":0.002299320651218295,"y":-0.9935222268104553,"z":0.11073492467403412,"w":0.02027047611773014},"size":336.7437744140625,"orthographic":false}