{"cameraMode":{"drawMode":0,"name":"Shaded","section":"Shading Mode"},"sceneLighting":false,"audioPlay":false,"sceneViewState":{"m_AlwaysRefresh":false,"showFog":true,"showSkybox":false,"showFlares":true,"showImageEffects":true,"showParticleSystems":true,"showVisualEffectGraphs":true,"m_FxEnabled":true},"in2DMode":false,"pivot":{"x":0.7334703803062439,"y":-10.754603385925293,"z":0.33971965312957766},"rotation":{"x":-0.15159203112125398,"y":0.8120875358581543,"z":-0.2421528697013855,"w":-0.5082544088363648},"size":0.003240823745727539,"orthographic":false}